<Employee>
  <EmployeeID>1</EmployeeID>
  <FirstName>Michael</FirstName>
  <LastName>Scott</LastName>
  <EmailAddress>michaelscott@email.com</EmailAddress>
  <PhoneNumber>555-422-4222</PhoneNumber>
  <JobTitle>Regional Manager</JobTitle>
  <Department>Sales</Department>
</Employee>
<Employee>
  <EmployeeID>2</EmployeeID>
  <FirstName>Dwight</FirstName>
  <LastName>Schrute</LastName>
  <EmailAddress>dwightschrute@email.com</EmailAddress>
  <PhoneNumber>555-987-6543</PhoneNumber>
  <JobTitle>Salesman</JobTitle>
  <Department>Sales</Department>
</Employee>
<Employee>
  <EmployeeID>3</EmployeeID>
  <FirstName>Pam</FirstName>
  <LastName>Beesly</LastName>
  <EmailAddress>pambeesly@email.com</EmailAddress>
  <PhoneNumber>555-123-4567</PhoneNumber>
  <JobTitle>Receptionist</JobTitle>
  <Department>Office</Department>
</Employee>
