<Order>
  <OrderID>1</OrderID>
  <CustomerID>1</CustomerID>
  <OrderDate>2023-10-04</OrderDate>
  <OrderStatus>Shipped</OrderStatus>
  <OrderTotal>1500.00</OrderTotal>
</Order>
<Order>
  <OrderID>2</OrderID>
  <CustomerID>2</CustomerID>
  <OrderDate>2023-11-15</OrderDate>
  <OrderStatus>Pending</OrderStatus>
  <OrderTotal>800.00</OrderTotal>
</Order>
<Order>
  <OrderID>3</OrderID>
  <CustomerID>3</CustomerID>
  <OrderDate>2023-12-25</OrderDate>
  <OrderStatus>Processing</OrderStatus>
  <OrderTotal>400.00</OrderTotal>
</Order>
