<Product>
  <ProductID>1</ProductID>
  <ProductName>Laptop</ProductName>
  <ProductDescription>A powerful laptop with a long battery life.</ProductDescription>
  <ProductPrice>1200.00</ProductPrice>
  <ProductQuantity>100</ProductQuantity>
</Product>
<Product>
  <ProductID>2</ProductID>
  <ProductName>Phone</ProductName>
  <ProductDescription>A high-end phone with a beautiful display.</ProductDescription>
  <ProductPrice>800.00</ProductPrice>
  <ProductQuantity>50</ProductQuantity>
</Product>
<Product>
  <ProductID>3</ProductID>
  <ProductName>Tablet</ProductName>
  <ProductDescription>A versatile tablet that can be used for work or play.</ProductDescription>
  <ProductPrice>400.00</ProductPrice>
  <ProductQuantity>75</ProductQuantity>
</Product>
