<Supplier>
  <SupplierID>1</SupplierID>
  <SupplierName>Acme Corporation</SupplierName>
  <ContactName>John Smith</ContactName>
  <EmailAddress>johnsmith@acmecorp.com</EmailAddress>
  <PhoneNumber>123-456-7890</PhoneNumber>
</Supplier>
<Supplier>
  <SupplierID>2</SupplierID>
  <SupplierName>XYZ Supplies</SupplierName>
  <ContactName>Jane Doe</ContactName>
  <EmailAddress>janedoe@xyzsupplies.com</EmailAddress>
  <PhoneNumber>987-654-3210</PhoneNumber>
</Supplier>
<Supplier>
  <SupplierID>3</SupplierID>
  <SupplierName>ABC Company</SupplierName>
  <ContactName>Peter Jones</ContactName>
  <EmailAddress>peterjones@abccompany.com</EmailAddress>
  <PhoneNumber>555-121-2323</PhoneNumber>
</Supplier>
